timestamp,target_timestamp,callback_time
144192.183333333,144192.200000000,144192.184175292
144192.200000000,144192.216666667,144192.200828917
144192.216666667,144192.233333333,144192.217459292
144192.233333333,144192.250000000,144192.234151708
144192.250000000,144192.266666667,144192.250815000
144192.266666667,144192.283333333,144192.267493875
144192.283333333,144192.300000000,144192.284166792
144192.300000000,144192.316666667,144192.300860125
144192.316666667,144192.333333333,144192.317509708
144192.333333333,144192.350000000,144192.334209625
144192.350000000,144192.366666667,144192.350804250
144192.366666667,144192.383333333,144192.367461375
144192.383333333,144192.400000000,144192.384124958
144192.400000000,144192.416666667,144192.400799542
144192.416666667,144192.433333333,144192.417463708
144192.433333333,144192.450000000,144192.434123750
144192.450000000,144192.466666667,144192.450792625
144192.466666667,144192.483333333,144192.467454167
144192.483333333,144192.500000000,144192.484120625
144192.500000000,144192.516666667,144192.500797083
144192.516666667,144192.533333333,144192.517458333
144192.533333333,144192.550000000,144192.534131875
144192.550000000,144192.566666667,144192.550797042
144192.566666667,144192.583333333,144192.567457542
144192.583333333,144192.600000000,144192.584127792
144192.600000000,144192.616666667,144192.600809958
144192.616666667,144192.633333333,144192.617472417
144192.633333333,144192.650000000,144192.634135542
144192.650000000,144192.666666667,144192.667175625
144192.666666667,144192.683333333,144192.683814167
144192.683333333,144192.700000000,144192.700493458
144192.700000000,144192.716666667,144192.717182000
144192.716666667,144192.733333333,144192.734080042
144192.733333333,144192.750000000,144192.750495167
144192.750000000,144192.766666667,144192.767163750
144192.766666667,144192.783333333,144192.783820125
144192.783333333,144192.800000000,144192.800492875
144192.800000000,144192.816666667,144192.817154208
144192.816666667,144192.833333333,144192.833824667
144192.833333333,144192.850000000,144192.850498208
144192.850000000,144192.866666667,144192.867180708
144192.866666667,144192.883333333,144192.883905542
144192.883333333,144192.900000000,144192.900493000
144192.900000000,144192.916666667,144192.917171083
144192.916666667,144192.933333333,144192.933876333
144192.933333333,144192.950000000,144192.950507292
144192.950000000,144192.966666667,144192.967184583
144192.966666667,144192.983333333,144192.983867333
144192.983333333,144193.000000000,144193.000492583
144193.000000000,144193.016666667,144193.017204042
144193.016666667,144193.033333333,144193.033827667
144193.033333333,144193.050000000,144193.050506958
144193.050000000,144193.066666667,144193.067165542
144193.066666667,144193.083333333,144193.083847583
144193.083333333,144193.100000000,144193.100497500
144193.100000000,144193.116666667,144193.117183667
144193.116666667,144193.133333333,144193.133861333
144193.133333333,144193.150000000,144193.150483292
144193.150000000,144193.166666667,144193.167208750
144193.166666667,144193.183333333,144193.183834375
144193.183333333,144193.200000000,144193.200499542
144193.200000000,144193.216666667,144193.217170292
144193.216666667,144193.233333333,144193.233823583
144193.233333333,144193.250000000,144193.250497208
144193.250000000,144193.266666667,144193.267188875
144193.266666667,144193.283333333,144193.283824833
144193.283333333,144193.300000000,144193.300519792
144193.300000000,144193.316666667,144193.317163125
144193.316666667,144193.333333333,144193.333826750
144193.333333333,144193.350000000,144193.350496417
144193.350000000,144193.366666667,144193.367171208
144193.366666667,144193.383333333,144193.383884208
144193.383333333,144193.400000000,144193.400508583
144193.400000000,144193.416666667,144193.417167208
144193.416666667,144193.433333333,144193.433848667
144193.433333333,144193.450000000,144193.450494458
144193.450000000,144193.466666667,144193.467183375
144193.466666667,144193.483333333,144193.483852750
144193.483333333,144193.500000000,144193.500515708
144193.500000000,144193.516666667,144193.517177875
144193.516666667,144193.533333333,144193.533833333
144193.533333333,144193.550000000,144193.550493667
144193.550000000,144193.566666667,144193.567157125
144193.566666667,144193.583333333,144193.583820167
144193.583333333,144193.600000000,144193.600503000
144193.600000000,144193.616666667,144193.617170583
144193.616666667,144193.633333333,144193.633851500
144193.633333333,144193.650000000,144193.650502250
144193.650000000,144193.666666667,144193.667180167
144193.666666667,144193.683333333,144193.683831417
144193.683333333,144193.700000000,144193.700516333
144193.700000000,144193.716666667,144193.717193875
144193.716666667,144193.733333333,144193.733855667
144193.733333333,144193.750000000,144193.750508500
144193.750000000,144193.766666667,144193.767158375
144193.766666667,144193.783333333,144193.783854375
144193.783333333,144193.800000000,144193.800522417
144193.800000000,144193.816666667,144193.817199208
144193.816666667,144193.833333333,144193.833831625
144193.833333333,144193.850000000,144193.850494292
144193.850000000,144193.866666667,144193.867154333
144193.866666667,144193.883333333,144193.883820292
144193.883333333,144193.900000000,144193.900481375
144193.900000000,144193.916666667,144193.917154083
144193.916666667,144193.933333333,144193.933826250
144193.933333333,144193.950000000,144193.950502958
144193.950000000,144193.966666667,144193.967156208
144193.966666667,144193.983333333,144193.991514167
144193.983333333,144194.000000000,144194.000472208
144194.000000000,144194.016666667,144194.017163625
144194.016666667,144194.033333333,144194.033813333
144194.033333333,144194.050000000,144194.050473542
144194.050000000,144194.066666667,144194.067142542
144194.066666667,144194.083333333,144194.083813083
144194.083333333,144194.100000000,144194.100477792
144194.100000000,144194.116666667,144194.117149917
144194.116666667,144194.133333333,144194.133804917
144194.133333333,144194.150000000,144194.150491833
144194.150000000,144194.166666667,144194.167146917
144194.166666667,144194.183333333,144194.183830833
144194.183333333,144194.200000000,144194.200485167
144194.200000000,144194.216666667,144194.217150042
144194.216666667,144194.233333333,144194.233815250
144194.233333333,144194.250000000,144194.250485333
144194.250000000,144194.266666667,144194.267162958
144194.266666667,144194.283333333,144194.283823208
144194.283333333,144194.300000000,144194.300480542
144194.300000000,144194.316666667,144194.317152375
144194.316666667,144194.333333333,144194.333817000
144194.333333333,144194.350000000,144194.350486458
144194.350000000,144194.366666667,144194.367169000
144194.366666667,144194.383333333,144194.383825625
144194.383333333,144194.400000000,144194.400589042
144194.400000000,144194.416666667,144194.417181208
144194.416666667,144194.433333333,144194.433843375
144194.433333333,144194.450000000,144194.450500333
144194.450000000,144194.466666667,144194.467187042
144194.466666667,144194.483333333,144194.483858958
144194.483333333,144194.500000000,144194.500519500
144194.500000000,144194.516666667,144194.517174083
144194.516666667,144194.533333333,144194.533839667
144194.533333333,144194.550000000,144194.550498750
144194.550000000,144194.566666667,144194.567174542
144194.566666667,144194.583333333,144194.583863125
144194.583333333,144194.600000000,144194.600507958
144194.600000000,144194.616666667,144194.617195500
144194.616666667,144194.633333333,144194.633842833
144194.633333333,144194.650000000,144194.650505125
144194.650000000,144194.666666667,144194.667211125
144194.666666667,144194.683333333,144194.683835958
144194.683333333,144194.700000000,144194.700520000
144194.700000000,144194.716666667,144194.717206125
144194.716666667,144194.733333333,144194.733839125
144194.733333333,144194.750000000,144194.750517083
144194.750000000,144194.766666667,144194.767196958
144194.766666667,144194.783333333,144194.783845375
144194.783333333,144194.800000000,144194.800520833
144194.800000000,144194.816666667,144194.817197667
144194.816666667,144194.833333333,144194.833840167
144194.833333333,144194.850000000,144194.850524583
144194.850000000,144194.866666667,144194.867167667
144194.866666667,144194.883333333,144194.883861375
144194.883333333,144194.900000000,144194.900496292
144194.900000000,144194.916666667,144194.917332292
144194.916666667,144194.933333333,144194.933861458
144194.933333333,144194.950000000,144194.950499500
144194.950000000,144194.966666667,144194.967166375
144194.966666667,144194.983333333,144194.983864458
144194.983333333,144195.000000000,144195.000487083
144195.000000000,144195.016666667,144195.017197625
144195.016666667,144195.033333333,144195.033871625
144195.033333333,144195.050000000,144195.050495208
144195.050000000,144195.066666667,144195.067165167
144195.066666667,144195.083333333,144195.083828250
144195.083333333,144195.100000000,144195.100497292
144195.100000000,144195.116666667,144195.117159250
144195.116666667,144195.133333333,144195.133835583
144195.133333333,144195.150000000,144195.150490083
144195.150000000,144195.166666667,144195.167187958
144195.166666667,144195.183333333,144195.183868292
144195.183333333,144195.200000000,144195.200498333
144195.200000000,144195.216666667,144195.217173042
144195.216666667,144195.233333333,144195.233840292
144195.233333333,144195.250000000,144195.250498333
144195.250000000,144195.266666667,144195.267164625
144195.266666667,144195.283333333,144195.283824250
144195.283333333,144195.300000000,144195.300500750
144195.300000000,144195.316666667,144195.317514667
144195.316666667,144195.333333333,144195.333852042
144195.333333333,144195.350000000,144195.350522333
144195.350000000,144195.366666667,144195.367172958
144195.366666667,144195.383333333,144195.383857708
144195.383333333,144195.400000000,144195.400498500
144195.400000000,144195.416666667,144195.417174042
144195.416666667,144195.433333333,144195.433860042
144195.433333333,144195.450000000,144195.450493833
144195.450000000,144195.466666667,144195.467196542
144195.466666667,144195.483333333,144195.483848667
144195.483333333,144195.500000000,144195.500524500
144195.500000000,144195.516666667,144195.517168125
144195.516666667,144195.533333333,144195.533828417
144195.533333333,144195.550000000,144195.550503417
144195.550000000,144195.566666667,144195.567173708
144195.566666667,144195.583333333,144195.583834875
144195.583333333,144195.600000000,144195.600502833
144195.600000000,144195.616666667,144195.617183167
144195.616666667,144195.633333333,144195.633849667
144195.633333333,144195.650000000,144195.650506000
144195.650000000,144195.666666667,144195.667184292
144195.666666667,144195.683333333,144195.683888625
144195.683333333,144195.700000000,144195.700524208
144195.700000000,144195.716666667,144195.717162917
144195.716666667,144195.733333333,144195.733839333
144195.733333333,144195.750000000,144195.750500625
144195.750000000,144195.766666667,144195.767194333
144195.766666667,144195.783333333,144195.783868333
144195.783333333,144195.800000000,144195.800519167
144195.800000000,144195.816666667,144195.817183333
144195.816666667,144195.833333333,144195.833829625
144195.833333333,144195.850000000,144195.850510542
144195.850000000,144195.866666667,144195.867164000
144195.866666667,144195.883333333,144195.883836958
144195.883333333,144195.900000000,144195.900514917
144195.900000000,144195.916666667,144195.917194875
144195.916666667,144195.933333333,144195.933833792
144195.933333333,144195.950000000,144195.950503125
144195.950000000,144195.966666667,144195.967164500
144195.966666667,144195.983333333,144195.983830000
144195.983333333,144196.000000000,144196.000552375
144196.000000000,144196.016666667,144196.017146500
144196.016666667,144196.033333333,144196.033815208
144196.033333333,144196.050000000,144196.050476625
144196.050000000,144196.066666667,144196.067148292
144196.066666667,144196.083333333,144196.083816792
144196.083333333,144196.100000000,144196.100486208
144196.100000000,144196.116666667,144196.117161583
144196.116666667,144196.133333333,144196.133825792
144196.133333333,144196.150000000,144196.150484000
144196.150000000,144196.166666667,144196.167169708
144196.166666667,144196.183333333,144196.183820833
144196.183333333,144196.200000000,144196.200515250
144196.200000000,144196.216666667,144196.217170792
144196.216666667,144196.233333333,144196.233827917
144196.233333333,144196.250000000,144196.250503042
144196.250000000,144196.266666667,144196.267216750
144196.266666667,144196.283333333,144196.283827917
144196.283333333,144196.300000000,144196.300488875
144196.300000000,144196.316666667,144196.317167000
144196.316666667,144196.333333333,144196.333824667
144196.333333333,144196.350000000,144196.350485917
144196.350000000,144196.366666667,144196.367169833
144196.366666667,144196.383333333,144196.383888333
144196.383333333,144196.400000000,144196.400571625
144196.400000000,144196.416666667,144196.417218083
144196.416666667,144196.433333333,144196.433848250
144196.433333333,144196.450000000,144196.450498500
144196.450000000,144196.466666667,144196.467165458
144196.466666667,144196.483333333,144196.483859917
144196.483333333,144196.500000000,144196.500522625
144196.500000000,144196.516666667,144196.517222583
144196.516666667,144196.533333333,144196.533909625
144196.533333333,144196.550000000,144196.550506375
144196.550000000,144196.566666667,144196.567201542
144196.566666667,144196.583333333,144196.583907208
144196.583333333,144196.600000000,144196.600497750
144196.600000000,144196.616666667,144196.617239333
144196.616666667,144196.633333333,144196.633827167
144196.633333333,144196.650000000,144196.650492833
144196.650000000,144196.666666667,144196.667174042
144196.666666667,144196.683333333,144196.683833917
144196.683333333,144196.700000000,144196.700521917
144196.700000000,144196.716666667,144196.719673958
144196.716666667,144196.733333333,144196.733812667
144196.733333333,144196.750000000,144196.750492458
144196.750000000,144196.766666667,144196.767140333
144196.766666667,144196.783333333,144196.783853250
144196.783333333,144196.800000000,144196.800494333
144196.800000000,144196.816666667,144196.817166417
144196.816666667,144196.833333333,144196.833836417
144196.833333333,144196.850000000,144196.850513042
144196.850000000,144196.866666667,144196.867189417
144196.866666667,144196.883333333,144196.883843250
144196.883333333,144196.900000000,144196.900512792
144196.900000000,144196.916666667,144196.917164125
144196.916666667,144196.933333333,144196.933855833
144196.933333333,144196.950000000,144196.950509500
144196.950000000,144196.966666667,144196.967164833
144196.966666667,144196.983333333,144196.983828958
144196.983333333,144197.000000000,144197.000520750
144197.000000000,144197.016666667,144197.017159583
144197.016666667,144197.033333333,144197.033837833
144197.033333333,144197.050000000,144197.050510667
144197.050000000,144197.066666667,144197.067164667
144197.066666667,144197.083333333,144197.083859167
144197.083333333,144197.100000000,144197.100493417
144197.100000000,144197.116666667,144197.117165375
144197.116666667,144197.133333333,144197.133814083
144197.133333333,144197.150000000,144197.150494167
144197.150000000,144197.166666667,144197.167150417
144197.166666667,144197.183333333,144197.183847750
144197.183333333,144197.200000000,144197.200509750
144197.200000000,144197.216666667,144197.217167208
144197.216666667,144197.233333333,144197.233841750
144197.233333333,144197.250000000,144197.250546792
144197.250000000,144197.266666667,144197.267185875
144197.266666667,144197.283333333,144197.283843667
144197.283333333,144197.300000000,144197.300514458
144197.300000000,144197.316666667,144197.317185875
144197.316666667,144197.333333333,144197.333893083
144197.333333333,144197.350000000,144197.350479833
144197.350000000,144197.366666667,144197.367177292
144197.366666667,144197.383333333,144197.383823667
144197.383333333,144197.400000000,144197.400529167
144197.400000000,144197.416666667,144197.417174292
144197.416666667,144197.433333333,144197.433822625
144197.433333333,144197.450000000,144197.450475417
144197.450000000,144197.466666667,144197.467157958
144197.466666667,144197.483333333,144197.483816417
144197.483333333,144197.500000000,144197.500518042
144197.500000000,144197.516666667,144197.517178083
144197.516666667,144197.533333333,144197.533878417
144197.533333333,144197.550000000,144197.550795875
144197.550000000,144197.566666667,144197.567130083
144197.566666667,144197.583333333,144197.583801458
144197.583333333,144197.600000000,144197.600462875
144197.600000000,144197.616666667,144197.617127542
144197.616666667,144197.633333333,144197.633801167
144197.633333333,144197.650000000,144197.650474458
144197.650000000,144197.666666667,144197.667136375
144197.666666667,144197.683333333,144197.683795833
144197.683333333,144197.700000000,144197.700476250
144197.700000000,144197.716666667,144197.717140917
144197.716666667,144197.733333333,144197.733811667
144197.733333333,144197.750000000,144197.750470208
144197.750000000,144197.766666667,144197.767138875
144197.766666667,144197.783333333,144197.783810667
144197.783333333,144197.800000000,144197.800457167
144197.800000000,144197.816666667,144197.817136917
144197.816666667,144197.833333333,144197.833811292
144197.833333333,144197.850000000,144197.850466750
144197.850000000,144197.866666667,144197.867136167
144197.866666667,144197.883333333,144197.883805667
144197.883333333,144197.900000000,144197.900461333
144197.900000000,144197.916666667,144197.917151917
144197.916666667,144197.933333333,144197.933803625
144197.933333333,144197.950000000,144197.950468083
144197.950000000,144197.966666667,144197.967131417
144197.966666667,144197.983333333,144197.983790875
144197.983333333,144198.000000000,144198.000459167
144198.000000000,144198.016666667,144198.017141042
144198.016666667,144198.033333333,144198.033805333
144198.033333333,144198.050000000,144198.050626667
144198.050000000,144198.066666667,144198.067161083
144198.066666667,144198.083333333,144198.083815083
144198.083333333,144198.100000000,144198.100478625
144198.100000000,144198.116666667,144198.117142750
144198.116666667,144198.133333333,144198.133795625
144198.133333333,144198.150000000,144198.150459250
144198.150000000,144198.166666667,144198.167131542
144198.166666667,144198.183333333,144198.183819833
144198.183333333,144198.200000000,144198.200466917
144198.200000000,144198.216666667,144198.217141708
144198.216666667,144198.233333333,144198.233808958
144198.233333333,144198.250000000,144198.250466917
144198.250000000,144198.266666667,144198.267148167
144198.266666667,144198.283333333,144198.283799417
144198.283333333,144198.300000000,144198.300467292
144198.300000000,144198.316666667,144198.317135958
144198.316666667,144198.333333333,144198.333803125
144198.333333333,144198.350000000,144198.350482833
144198.350000000,144198.366666667,144198.367137167
144198.366666667,144198.383333333,144198.383822083
144198.383333333,144198.400000000,144198.400487417
144198.400000000,144198.416666667,144198.417154583
144198.416666667,144198.433333333,144198.433818208
144198.433333333,144198.450000000,144198.450485708
144198.450000000,144198.466666667,144198.467156625
144198.466666667,144198.483333333,144198.483824833
144198.483333333,144198.500000000,144198.500488250
144198.500000000,144198.516666667,144198.517180500
144198.516666667,144198.533333333,144198.533829292
144198.533333333,144198.550000000,144198.550514250
144198.550000000,144198.566666667,144198.567170000
144198.566666667,144198.583333333,144198.583841542
144198.583333333,144198.600000000,144198.600529583
144198.600000000,144198.616666667,144198.617163125
144198.616666667,144198.633333333,144198.633826250
144198.633333333,144198.650000000,144198.650490750
144198.650000000,144198.666666667,144198.667172333
144198.666666667,144198.683333333,144198.683838583
144198.683333333,144198.700000000,144198.700508208
144198.700000000,144198.716666667,144198.717175250
144198.716666667,144198.733333333,144198.733830500
144198.733333333,144198.750000000,144198.750503000
144198.750000000,144198.766666667,144198.767197958
144198.766666667,144198.783333333,144198.783840917
144198.783333333,144198.800000000,144198.800493583
144198.800000000,144198.816666667,144198.817150292
144198.816666667,144198.833333333,144198.833813292
144198.833333333,144198.850000000,144198.850475750
144198.850000000,144198.866666667,144198.867153375
144198.866666667,144198.883333333,144198.883812625
144198.883333333,144198.900000000,144198.900499333
144198.900000000,144198.916666667,144198.917197875
144198.916666667,144198.933333333,144198.933865083
144198.933333333,144198.950000000,144198.950495208
144198.950000000,144198.966666667,144198.967178875
144198.966666667,144198.983333333,144198.983921542
144198.983333333,144199.000000000,144199.000515333
144199.000000000,144199.016666667,144199.017180042
144199.016666667,144199.033333333,144199.033840750
144199.033333333,144199.050000000,144199.050521417
144199.050000000,144199.066666667,144199.067183417
144199.066666667,144199.083333333,144199.083854833
144199.083333333,144199.100000000,144199.100506625
144199.100000000,144199.116666667,144199.117160958
144199.116666667,144199.133333333,144199.133825333
144199.133333333,144199.150000000,144199.150484958
144199.150000000,144199.166666667,144199.167154667
144199.166666667,144199.183333333,144199.183830917
144199.183333333,144199.200000000,144199.200502458
144199.200000000,144199.216666667,144199.217165417
144199.216666667,144199.233333333,144199.233835333
144199.233333333,144199.250000000,144199.250463667
144199.250000000,144199.266666667,144199.267128542
144199.266666667,144199.283333333,144199.283798292
144199.283333333,144199.300000000,144199.300476542
144199.300000000,144199.316666667,144199.317132667
144199.316666667,144199.333333333,144199.333804750
144199.333333333,144199.350000000,144199.350483292
144199.350000000,144199.366666667,144199.367338083
144199.366666667,144199.383333333,144199.383807000
144199.383333333,144199.400000000,144199.400478167
144199.400000000,144199.416666667,144199.417136625
144199.416666667,144199.433333333,144199.433807542
144199.433333333,144199.450000000,144199.450467667
144199.450000000,144199.466666667,144199.467132750
144199.466666667,144199.483333333,144199.483838375
144199.483333333,144199.500000000,144199.500468250
144199.500000000,144199.516666667,144199.517131000
144199.516666667,144199.533333333,144199.533804208
144199.533333333,144199.550000000,144199.550468083
144199.550000000,144199.566666667,144199.567154333
144199.566666667,144199.583333333,144199.583806917
144199.583333333,144199.600000000,144199.600470167
144199.600000000,144199.616666667,144199.617166833
144199.616666667,144199.633333333,144199.633801042
144199.633333333,144199.650000000,144199.650458875
144199.650000000,144199.666666667,144199.667129958
144199.666666667,144199.683333333,144199.683837000
144199.683333333,144199.700000000,144199.700503583
144199.700000000,144199.716666667,144199.717140333
144199.716666667,144199.733333333,144199.733805792
144199.733333333,144199.750000000,144199.750472958
144199.750000000,144199.766666667,144199.767183417
144199.766666667,144199.783333333,144199.783812625
144199.783333333,144199.800000000,144199.800471583
144199.800000000,144199.816666667,144199.817153542
144199.816666667,144199.833333333,144199.833816333
144199.833333333,144199.850000000,144199.850463208
144199.850000000,144199.866666667,144199.867171042
144199.866666667,144199.883333333,144199.883796208
144199.883333333,144199.900000000,144199.900474417
144199.900000000,144199.916666667,144199.917136792
144199.916666667,144199.933333333,144199.933837167
144199.933333333,144199.950000000,144199.950462667
144199.950000000,144199.966666667,144199.967136500
144199.966666667,144199.983333333,144199.983811083
144199.983333333,144200.000000000,144200.000464750
144200.000000000,144200.016666667,144200.017131208
144200.016666667,144200.033333333,144200.033800125
144200.033333333,144200.050000000,144200.050466333
144200.050000000,144200.066666667,144200.067135292
144200.066666667,144200.083333333,144200.083834958
144200.083333333,144200.100000000,144200.100486125
144200.100000000,144200.116666667,144200.117148458
144200.116666667,144200.133333333,144200.133820875
144200.133333333,144200.150000000,144200.150494542
144200.150000000,144200.166666667,144200.167181708
144200.166666667,144200.183333333,144200.183820167
144200.183333333,144200.200000000,144200.200492458
144200.200000000,144200.216666667,144200.217184167
144200.216666667,144200.233333333,144200.233826042
144200.233333333,144200.250000000,144200.250513125
144200.250000000,144200.266666667,144200.267162042
144200.266666667,144200.283333333,144200.283845750
144200.283333333,144200.300000000,144200.300510542
144200.300000000,144200.316666667,144200.317171458
144200.316666667,144200.333333333,144200.333833875
144200.333333333,144200.350000000,144200.350503542
144200.350000000,144200.366666667,144200.367181375
144200.366666667,144200.383333333,144200.383850792
144200.383333333,144200.400000000,144200.400524833
144200.400000000,144200.416666667,144200.417177833
144200.416666667,144200.433333333,144200.433829208
144200.433333333,144200.450000000,144200.456141958
144200.450000000,144200.466666667,144200.467179625
144200.466666667,144200.483333333,144200.483853167
144200.483333333,144200.500000000,144200.500501792
144200.500000000,144200.516666667,144200.517169208
144200.516666667,144200.533333333,144200.533968125
144200.533333333,144200.550000000,144200.550497958
144200.550000000,144200.566666667,144200.567191875
144200.566666667,144200.583333333,144200.583837042
144200.583333333,144200.600000000,144200.600511875
144200.600000000,144200.616666667,144200.617206333
144200.616666667,144200.633333333,144200.633842792
144200.633333333,144200.650000000,144200.650496500
144200.650000000,144200.666666667,144200.667221500
144200.666666667,144200.683333333,144200.683852667
144200.683333333,144200.700000000,144200.700510792
144200.700000000,144200.716666667,144200.717166667
144200.716666667,144200.733333333,144200.733828000
144200.733333333,144200.750000000,144200.750496625
144200.750000000,144200.766666667,144200.767166542
144200.766666667,144200.783333333,144200.783848417
144200.783333333,144200.800000000,144200.800528208
144200.800000000,144200.816666667,144200.817155667
144200.816666667,144200.833333333,144200.833831875
144200.833333333,144200.850000000,144200.850492375
144200.850000000,144200.866666667,144200.867189083
144200.866666667,144200.883333333,144200.883815375
144200.883333333,144200.900000000,144200.900506167
144200.900000000,144200.916666667,144200.917195792
144200.916666667,144200.933333333,144200.933868125
144200.933333333,144200.950000000,144200.950496458
144200.950000000,144200.966666667,144200.967162458
144200.966666667,144200.983333333,144200.983838583
144200.983333333,144201.000000000,144201.000544750
144201.000000000,144201.016666667,144201.017181333
144201.016666667,144201.033333333,144201.033853208
144201.033333333,144201.050000000,144201.050507708
144201.050000000,144201.066666667,144201.067174875
144201.066666667,144201.083333333,144201.083837667
144201.083333333,144201.100000000,144201.100505375
144201.100000000,144201.116666667,144201.117183417
144201.116666667,144201.133333333,144201.133847208
144201.133333333,144201.150000000,144201.150525583
144201.150000000,144201.166666667,144201.167171667
144201.166666667,144201.183333333,144201.183831208
144201.183333333,144201.200000000,144201.200492250
144201.200000000,144201.216666667,144201.217172417
144201.216666667,144201.233333333,144201.233839167
144201.233333333,144201.250000000,144201.250515667
144201.250000000,144201.266666667,144201.267170750
144201.266666667,144201.283333333,144201.283822750
144201.283333333,144201.300000000,144201.300513958
144201.300000000,144201.316666667,144201.317176417
144201.316666667,144201.333333333,144201.333876292
144201.333333333,144201.350000000,144201.350505625
144201.350000000,144201.366666667,144201.367172500
144201.366666667,144201.383333333,144201.383853375
144201.383333333,144201.400000000,144201.400534292
144201.400000000,144201.416666667,144201.417178583
144201.416666667,144201.433333333,144201.433840375
144201.433333333,144201.450000000,144201.450509917
144201.450000000,144201.466666667,144201.467166708
144201.466666667,144201.483333333,144201.483830458
144201.483333333,144201.500000000,144201.500488250
144201.500000000,144201.516666667,144201.517219917
144201.516666667,144201.533333333,144201.533826500
144201.533333333,144201.550000000,144201.550499167
144201.550000000,144201.566666667,144201.567195750
144201.566666667,144201.583333333,144201.583901167
144201.583333333,144201.600000000,144201.600531542
144201.600000000,144201.616666667,144201.617160167
144201.616666667,144201.633333333,144201.633877583
144201.633333333,144201.650000000,144201.650492917
144201.650000000,144201.666666667,144201.667172167
144201.666666667,144201.683333333,144201.683862083
144201.683333333,144201.700000000,144201.700507875
144201.700000000,144201.716666667,144201.717191625
144201.716666667,144201.733333333,144201.733854167
144201.733333333,144201.750000000,144201.750494542
144201.750000000,144201.766666667,144201.767166875
144201.766666667,144201.783333333,144201.783853375
144201.783333333,144201.800000000,144201.800500375
144201.800000000,144201.816666667,144201.817161500
144201.816666667,144201.833333333,144201.841525250
144201.833333333,144201.850000000,144201.850500583
144201.850000000,144201.866666667,144201.867149792
144201.866666667,144201.883333333,144201.883826958
144201.883333333,144201.900000000,144201.900490750
144201.900000000,144201.916666667,144201.917161583
144201.916666667,144201.933333333,144201.933818708
144201.933333333,144201.950000000,144201.950487208
144201.950000000,144201.966666667,144201.967150917
144201.966666667,144201.983333333,144201.983830458
144201.983333333,144202.000000000,144202.000501875
144202.000000000,144202.016666667,144202.017157167
144202.016666667,144202.033333333,144202.033818875
144202.033333333,144202.050000000,144202.050493917
144202.050000000,144202.066666667,144202.067163625
144202.066666667,144202.083333333,144202.083823167
144202.083333333,144202.100000000,144202.100491167
144202.100000000,144202.116666667,144202.117151083
144202.116666667,144202.133333333,144202.133798083
144202.133333333,144202.150000000,144202.150483792
144202.150000000,144202.166666667,144202.167137500
144202.166666667,144202.183333333,144202.183823042
144202.183333333,144202.200000000,144202.200492917
144202.200000000,144202.216666667,144202.217162167
144202.216666667,144202.233333333,144202.233826792
144202.233333333,144202.250000000,144202.250492542
144202.250000000,144202.266666667,144202.267158792
144202.266666667,144202.283333333,144202.283815792
144202.283333333,144202.300000000,144202.300487167
144202.300000000,144202.316666667,144202.317158375
144202.316666667,144202.333333333,144202.333821333
144202.333333333,144202.350000000,144202.350515542
144202.350000000,144202.366666667,144202.367182958
144202.366666667,144202.383333333,144202.383841000
144202.383333333,144202.400000000,144202.400496583
144202.400000000,144202.416666667,144202.417165917
144202.416666667,144202.433333333,144202.433833917
144202.433333333,144202.450000000,144202.450498167
144202.450000000,144202.466666667,144202.467165542
144202.466666667,144202.483333333,144202.483836375
144202.483333333,144202.500000000,144202.500508542
144202.500000000,144202.516666667,144202.517175083
144202.516666667,144202.533333333,144202.533832542
144202.533333333,144202.550000000,144202.550477333
144202.550000000,144202.566666667,144202.567157375
144202.566666667,144202.583333333,144202.583824917
144202.583333333,144202.600000000,144202.600490000
144202.600000000,144202.616666667,144202.617155542
144202.616666667,144202.633333333,144202.633811875
144202.633333333,144202.650000000,144202.650488250
144202.650000000,144202.666666667,144202.667142125
144202.666666667,144202.683333333,144202.683825000
144202.683333333,144202.700000000,144202.700482125
144202.700000000,144202.716666667,144202.717158667
144202.716666667,144202.733333333,144202.733825500
144202.733333333,144202.750000000,144202.750484708
144202.750000000,144202.766666667,144202.767157167
144202.766666667,144202.783333333,144202.783823917
144202.783333333,144202.800000000,144202.800487542
144202.800000000,144202.816666667,144202.817154667
144202.816666667,144202.833333333,144202.833808292
144202.833333333,144202.850000000,144202.850482458
144202.850000000,144202.866666667,144202.867164667
144202.866666667,144202.883333333,144202.883829708
144202.883333333,144202.900000000,144202.900503083
144202.900000000,144202.916666667,144202.917165292
144202.916666667,144202.933333333,144202.933856417
144202.933333333,144202.950000000,144202.950500375
144202.950000000,144202.966666667,144202.967173500
144202.966666667,144202.983333333,144202.983827167
144202.983333333,144203.000000000,144203.000495583
144203.000000000,144203.016666667,144203.017161000
144203.016666667,144203.033333333,144203.033843708
144203.033333333,144203.050000000,144203.050504708
144203.050000000,144203.066666667,144203.067157792
144203.066666667,144203.083333333,144203.083844875
144203.083333333,144203.100000000,144203.100512833
144203.100000000,144203.116666667,144203.117215333
144203.116666667,144203.133333333,144203.133833875
144203.133333333,144203.150000000,144203.150495708
144203.150000000,144203.166666667,144203.167228792
144203.166666667,144203.183333333,144203.184298250
144203.183333333,144203.200000000,144203.200560083
144203.200000000,144203.216666667,144203.217183667
144203.216666667,144203.233333333,144203.233833958
144203.233333333,144203.250000000,144203.250511958
144203.250000000,144203.266666667,144203.267171583
144203.266666667,144203.283333333,144203.283854208
144203.283333333,144203.300000000,144203.300526292
144203.300000000,144203.316666667,144203.317195667
144203.316666667,144203.333333333,144203.333870250
144203.333333333,144203.350000000,144203.350510792
144203.350000000,144203.366666667,144203.367165708
144203.366666667,144203.383333333,144203.383856667
144203.383333333,144203.400000000,144203.400527792
144203.400000000,144203.416666667,144203.417179417
144203.416666667,144203.433333333,144203.433844083
144203.433333333,144203.450000000,144203.450502917
144203.450000000,144203.466666667,144203.467182667
144203.466666667,144203.483333333,144203.483851250
144203.483333333,144203.500000000,144203.500509833
144203.500000000,144203.516666667,144203.517196083
144203.516666667,144203.533333333,144203.533873583
144203.533333333,144203.550000000,144203.550487833
144203.550000000,144203.566666667,144203.567180958
144203.566666667,144203.583333333,144203.583814958
144203.583333333,144203.600000000,144203.600503958
144203.600000000,144203.616666667,144203.617213958
144203.616666667,144203.633333333,144203.633841167
144203.633333333,144203.650000000,144203.650554542
144203.650000000,144203.666666667,144203.667254542
144203.666666667,144203.683333333,144203.683933083
144203.683333333,144203.700000000,144203.700499750
144203.700000000,144203.716666667,144203.717216542
144203.716666667,144203.733333333,144203.733878500
144203.733333333,144203.750000000,144203.750509167
144203.750000000,144203.766666667,144203.767258750
144203.766666667,144203.783333333,144203.783871333
144203.783333333,144203.800000000,144203.800499625
144203.800000000,144203.816666667,144203.817161625
144203.816666667,144203.833333333,144203.833829875
144203.833333333,144203.850000000,144203.850497167
144203.850000000,144203.866666667,144203.867173958
144203.866666667,144203.883333333,144203.883809000
144203.883333333,144203.900000000,144203.900493042
144203.900000000,144203.916666667,144203.917165625
144203.916666667,144203.933333333,144203.933820375
144203.933333333,144203.950000000,144203.950516208
144203.950000000,144203.966666667,144203.967216458
144203.966666667,144203.983333333,144203.983857458
144203.983333333,144204.000000000,144204.000526500
144204.000000000,144204.016666667,144204.017203792
144204.016666667,144204.033333333,144204.033875708
144204.033333333,144204.050000000,144204.050484750
144204.050000000,144204.066666667,144204.067155542
144204.066666667,144204.083333333,144204.083816958
144204.083333333,144204.100000000,144204.100492208
144204.100000000,144204.116666667,144204.117179500
144204.116666667,144204.133333333,144204.133820250
144204.133333333,144204.150000000,144204.150481250
144204.150000000,144204.166666667,144204.167150417
144204.166666667,144204.183333333,144204.183833125
144204.183333333,144204.200000000,144204.200501167
144204.200000000,144204.216666667,144204.217156750
144204.216666667,144204.233333333,144204.233831708
144204.233333333,144204.250000000,144204.250485500
144204.250000000,144204.266666667,144204.267145375
144204.266666667,144204.283333333,144204.283826667
144204.283333333,144204.300000000,144204.300479625
144204.300000000,144204.316666667,144204.317155708
144204.316666667,144204.333333333,144204.333813875
144204.333333333,144204.350000000,144204.350484000
144204.350000000,144204.366666667,144204.367148583
144204.366666667,144204.383333333,144204.383828667
144204.383333333,144204.400000000,144204.400515250
144204.400000000,144204.416666667,144204.417182708
144204.416666667,144204.433333333,144204.433818958
144204.433333333,144204.450000000,144204.450535917
144204.450000000,144204.466666667,144204.467220750
144204.466666667,144204.483333333,144204.483853458
144204.483333333,144204.500000000,144204.500513083
144204.500000000,144204.516666667,144204.519266917
144204.516666667,144204.533333333,144204.533814542
144204.533333333,144204.550000000,144204.550476875
144204.550000000,144204.566666667,144204.567153417
144204.566666667,144204.583333333,144204.583826583
144204.583333333,144204.600000000,144204.600491417
144204.600000000,144204.616666667,144204.617158125
144204.616666667,144204.633333333,144204.633830292
144204.633333333,144204.650000000,144204.650492500
144204.650000000,144204.666666667,144204.667172583
144204.666666667,144204.683333333,144204.683841792
144204.683333333,144204.700000000,144204.700569167
144204.700000000,144204.716666667,144204.717172333
144204.716666667,144204.733333333,144204.733854500
144204.733333333,144204.750000000,144204.750508417
144204.750000000,144204.766666667,144204.767159167
144204.766666667,144204.783333333,144204.783852625
144204.783333333,144204.800000000,144204.800521875
144204.800000000,144204.816666667,144204.817182500
144204.816666667,144204.833333333,144204.833833500
144204.833333333,144204.850000000,144204.850508542
144204.850000000,144204.866666667,144204.867187542
144204.866666667,144204.883333333,144204.883848333
144204.883333333,144204.900000000,144204.900481167
144204.900000000,144204.916666667,144204.917164375
144204.916666667,144204.933333333,144204.933808292
144204.933333333,144204.950000000,144204.950479292
144204.950000000,144204.966666667,144204.967145500
144204.966666667,144204.983333333,144204.983821500
144204.983333333,144205.000000000,144205.000510875
144205.000000000,144205.016666667,144205.017169708
144205.016666667,144205.033333333,144205.033860833
144205.033333333,144205.050000000,144205.050504292
144205.050000000,144205.066666667,144205.067190083
144205.066666667,144205.083333333,144205.083825833
144205.083333333,144205.100000000,144205.100515708
144205.100000000,144205.116666667,144205.117181333
144205.116666667,144205.133333333,144205.133847542
144205.133333333,144205.150000000,144205.150517708
144205.150000000,144205.166666667,144205.167202292
144205.166666667,144205.183333333,144205.183869167
144205.183333333,144205.200000000,144205.200494625
144205.200000000,144205.216666667,144205.217154875
144205.216666667,144205.233333333,144205.233833667
144205.233333333,144205.250000000,144205.250490375
144205.250000000,144205.266666667,144205.267190833
144205.266666667,144205.283333333,144205.283841375
144205.283333333,144205.300000000,144205.300513667
144205.300000000,144205.316666667,144205.317169958
144205.316666667,144205.333333333,144205.333809708
144205.333333333,144205.350000000,144205.350494667
144205.350000000,144205.366666667,144205.367142042
144205.366666667,144205.383333333,144205.383796417
144205.383333333,144205.400000000,144205.400474792
144205.400000000,144205.416666667,144205.417133625
144205.416666667,144205.433333333,144205.434246542
144205.433333333,144205.450000000,144205.450512958
144205.450000000,144205.466666667,144205.467131125
144205.466666667,144205.483333333,144205.483795833
144205.483333333,144205.500000000,144205.500477625
144205.500000000,144205.516666667,144205.517138167
144205.516666667,144205.533333333,144205.533806083
144205.533333333,144205.550000000,144205.550464250
144205.550000000,144205.566666667,144205.567151750
144205.566666667,144205.583333333,144205.583821875
144205.583333333,144205.600000000,144205.600470792
144205.600000000,144205.616666667,144205.617134958
144205.616666667,144205.633333333,144205.633799500
144205.633333333,144205.650000000,144205.650470500
144205.650000000,144205.666666667,144205.667132125
144205.666666667,144205.683333333,144205.683801375
144205.683333333,144205.700000000,144205.700471958
144205.700000000,144205.716666667,144205.717132417
144205.716666667,144205.733333333,144205.733808458
144205.733333333,144205.750000000,144205.750463750
144205.750000000,144205.766666667,144205.767135958
144205.766666667,144205.783333333,144205.783797833
144205.783333333,144205.800000000,144205.800468500
144205.800000000,144205.816666667,144205.817142833
144205.816666667,144205.833333333,144205.833809000
144205.833333333,144205.850000000,144205.850468833
144205.850000000,144205.866666667,144205.867127708
144205.866666667,144205.883333333,144205.883804958
144205.883333333,144205.900000000,144205.900458375
144205.900000000,144205.916666667,144205.917145125
144205.916666667,144205.933333333,144205.933797042
144205.933333333,144205.950000000,144205.950475000
144205.950000000,144205.966666667,144205.967133167
144205.966666667,144205.983333333,144205.983807417
144205.983333333,144206.000000000,144206.000497583
144206.000000000,144206.016666667,144206.017138167
144206.016666667,144206.033333333,144206.033829167
144206.033333333,144206.050000000,144206.050523167
144206.050000000,144206.066666667,144206.067159333
144206.066666667,144206.083333333,144206.083818333
144206.083333333,144206.100000000,144206.100486000
144206.100000000,144206.116666667,144206.117156625
144206.116666667,144206.133333333,144206.133828333
144206.133333333,144206.150000000,144206.150516625
144206.150000000,144206.166666667,144206.167146792
144206.166666667,144206.183333333,144206.183816792
144206.183333333,144206.200000000,144206.200488958
144206.200000000,144206.216666667,144206.217180167
144206.216666667,144206.233333333,144206.233846292
144206.233333333,144206.250000000,144206.250497167
144206.250000000,144206.266666667,144206.267159000
144206.266666667,144206.283333333,144206.283853583
144206.283333333,144206.300000000,144206.300505375
144206.300000000,144206.316666667,144206.317178125
144206.316666667,144206.333333333,144206.333856000
144206.333333333,144206.350000000,144206.350489333
144206.350000000,144206.366666667,144206.367183000
144206.366666667,144206.383333333,144206.383830292
144206.383333333,144206.400000000,144206.400492750
144206.400000000,144206.416666667,144206.417216250
144206.416666667,144206.433333333,144206.433862500
144206.433333333,144206.450000000,144206.450516875
144206.450000000,144206.466666667,144206.467170417
144206.466666667,144206.483333333,144206.483831083
144206.483333333,144206.500000000,144206.500526500
144206.500000000,144206.516666667,144206.517188750
144206.516666667,144206.533333333,144206.533816542
144206.533333333,144206.550000000,144206.550491167
144206.550000000,144206.566666667,144206.567174542
144206.566666667,144206.583333333,144206.583818625
144206.583333333,144206.600000000,144206.600482333
144206.600000000,144206.616666667,144206.617178125
144206.616666667,144206.633333333,144206.633895250
144206.633333333,144206.650000000,144206.650520375
144206.650000000,144206.666666667,144206.667193917
144206.666666667,144206.683333333,144206.683832917
144206.683333333,144206.700000000,144206.700500625
144206.700000000,144206.716666667,144206.717167875
144206.716666667,144206.733333333,144206.733858958
144206.733333333,144206.750000000,144206.750496042
144206.750000000,144206.766666667,144206.767158000
144206.766666667,144206.783333333,144206.783856500
144206.783333333,144206.800000000,144206.800524917
144206.800000000,144206.816666667,144206.817173042
144206.816666667,144206.833333333,144206.833824208
144206.833333333,144206.850000000,144206.850480458
144206.850000000,144206.866666667,144206.867151708
144206.866666667,144206.883333333,144206.883850208
144206.883333333,144206.900000000,144206.900521417
144206.900000000,144206.916666667,144206.917186958
144206.916666667,144206.933333333,144206.933837250
144206.933333333,144206.950000000,144206.950490083
144206.950000000,144206.966666667,144206.967137958
144206.966666667,144206.983333333,144206.983796250
144206.983333333,144207.000000000,144207.000467583
144207.000000000,144207.016666667,144207.017145750
144207.016666667,144207.033333333,144207.033800542
144207.033333333,144207.050000000,144207.050600250
144207.050000000,144207.066666667,144207.067411167
144207.066666667,144207.083333333,144207.083798375
144207.083333333,144207.100000000,144207.100464417
144207.100000000,144207.116666667,144207.117134542
144207.116666667,144207.133333333,144207.133799250
144207.133333333,144207.150000000,144207.150470625
144207.150000000,144207.166666667,144207.167136042
144207.166666667,144207.183333333,144207.183810000
144207.183333333,144207.200000000,144207.200468958
144207.200000000,144207.216666667,144207.217136042
144207.216666667,144207.233333333,144207.233810167
144207.233333333,144207.250000000,144207.250466083
144207.250000000,144207.266666667,144207.267131458
144207.266666667,144207.283333333,144207.283800375
144207.283333333,144207.300000000,144207.300480417
144207.300000000,144207.316666667,144207.317138583
144207.316666667,144207.333333333,144207.333801542
144207.333333333,144207.350000000,144207.350469708
144207.350000000,144207.366666667,144207.367145708
144207.366666667,144207.383333333,144207.383808375
144207.383333333,144207.400000000,144207.400470208
144207.400000000,144207.416666667,144207.417275542
144207.416666667,144207.433333333,144207.433797750
144207.433333333,144207.450000000,144207.450503875
144207.450000000,144207.466666667,144207.467138458
144207.466666667,144207.483333333,144207.483803167
144207.483333333,144207.500000000,144207.500484292
144207.500000000,144207.516666667,144207.517144458
144207.516666667,144207.533333333,144207.533808125
144207.533333333,144207.550000000,144207.550476583
144207.550000000,144207.566666667,144207.567134792
144207.566666667,144207.583333333,144207.583806583
144207.583333333,144207.600000000,144207.600457042
144207.600000000,144207.616666667,144207.617478750
144207.616666667,144207.633333333,144207.633810000
144207.633333333,144207.650000000,144207.650473042
144207.650000000,144207.666666667,144207.667157375
144207.666666667,144207.683333333,144207.683812667
144207.683333333,144207.700000000,144207.700508000
144207.700000000,144207.716666667,144207.717154083
144207.716666667,144207.733333333,144207.733823167
144207.733333333,144207.750000000,144207.750501542
144207.750000000,144207.766666667,144207.767172625
144207.766666667,144207.783333333,144207.783812625
144207.783333333,144207.800000000,144207.800492667
144207.800000000,144207.816666667,144207.817158208
144207.816666667,144207.833333333,144207.833821208
144207.833333333,144207.850000000,144207.850492917
144207.850000000,144207.866666667,144207.867156000
144207.866666667,144207.883333333,144207.883814625
144207.883333333,144207.900000000,144207.900486083
144207.900000000,144207.916666667,144207.917152458
144207.916666667,144207.933333333,144207.933821000
144207.933333333,144207.950000000,144207.950477333
144207.950000000,144207.966666667,144207.967147708
144207.966666667,144207.983333333,144207.983824833
144207.983333333,144208.000000000,144208.000501875
144208.000000000,144208.016666667,144208.017166583
144208.016666667,144208.033333333,144208.033811125
144208.033333333,144208.050000000,144208.050485250
144208.050000000,144208.066666667,144208.067165917
144208.066666667,144208.083333333,144208.083833042
144208.083333333,144208.100000000,144208.100512083
144208.100000000,144208.116666667,144208.117157542
144208.116666667,144208.133333333,144208.133825417
144208.133333333,144208.150000000,144208.150487833
144208.150000000,144208.166666667,144208.167149542
144208.166666667,144208.183333333,144208.183836542
144208.183333333,144208.200000000,144208.200498750
144208.200000000,144208.216666667,144208.217142708
144208.216666667,144208.233333333,144208.233866083
144208.233333333,144208.250000000,144208.250498583
144208.250000000,144208.266666667,144208.267175333
144208.266666667,144208.283333333,144208.283834500
144208.283333333,144208.300000000,144208.300506250
144208.300000000,144208.316666667,144208.317173292
144208.316666667,144208.333333333,144208.333837250
144208.333333333,144208.350000000,144208.350505500
144208.350000000,144208.366666667,144208.367168417
144208.366666667,144208.383333333,144208.383834208
144208.383333333,144208.400000000,144208.400495042
144208.400000000,144208.416666667,144208.417165583
144208.416666667,144208.433333333,144208.433837333
144208.433333333,144208.450000000,144208.450493167
144208.450000000,144208.466666667,144208.467171333
144208.466666667,144208.483333333,144208.483834792
144208.483333333,144208.500000000,144208.500494708
144208.500000000,144208.516666667,144208.517161208
144208.516666667,144208.533333333,144208.533853125
144208.533333333,144208.550000000,144208.550494208
144208.550000000,144208.566666667,144208.567162042
144208.566666667,144208.583333333,144208.583847042
144208.583333333,144208.600000000,144208.600490250
144208.600000000,144208.616666667,144208.617163875
144208.616666667,144208.633333333,144208.633834708
144208.633333333,144208.650000000,144208.650510792
144208.650000000,144208.666666667,144208.667167125
144208.666666667,144208.683333333,144208.683845875
144208.683333333,144208.700000000,144208.700501042
144208.700000000,144208.716666667,144208.717164542
144208.716666667,144208.733333333,144208.733826958
144208.733333333,144208.750000000,144208.750478417
144208.750000000,144208.766666667,144208.767147833
144208.766666667,144208.783333333,144208.783826792
144208.783333333,144208.800000000,144208.800497500
144208.800000000,144208.816666667,144208.817176583
144208.816666667,144208.833333333,144208.833835250
144208.833333333,144208.850000000,144208.850503542
144208.850000000,144208.866666667,144208.867160167
144208.866666667,144208.883333333,144208.883822708
144208.883333333,144208.900000000,144208.900493917
144208.900000000,144208.916666667,144208.917178917
144208.916666667,144208.933333333,144208.933835333
144208.933333333,144208.950000000,144208.950503042
144208.950000000,144208.966666667,144208.967164917
144208.966666667,144208.983333333,144208.983831542
144208.983333333,144209.000000000,144209.000497917
144209.000000000,144209.016666667,144209.017246333
144209.016666667,144209.033333333,144209.033853458
144209.033333333,144209.050000000,144209.050503292
144209.050000000,144209.066666667,144209.067170917
144209.066666667,144209.083333333,144209.083848500
144209.083333333,144209.100000000,144209.100508750
144209.100000000,144209.116666667,144209.117183500
144209.116666667,144209.133333333,144209.133841250
144209.133333333,144209.150000000,144209.150524750
144209.150000000,144209.166666667,144209.167181625
144209.166666667,144209.183333333,144209.183839625
144209.183333333,144209.200000000,144209.200506417
144209.200000000,144209.216666667,144209.217184708
144209.216666667,144209.233333333,144209.233825208
144209.233333333,144209.250000000,144209.250522083
144209.250000000,144209.266666667,144209.267200167
144209.266666667,144209.283333333,144209.283841500
144209.283333333,144209.300000000,144209.300536958
144209.300000000,144209.316666667,144209.317182500
144209.316666667,144209.333333333,144209.333834125
144209.333333333,144209.350000000,144209.350515917
144209.350000000,144209.366666667,144209.367179625
144209.366666667,144209.383333333,144209.383830250
144209.383333333,144209.400000000,144209.400503167
144209.400000000,144209.416666667,144209.417169917
144209.416666667,144209.433333333,144209.433850125
144209.433333333,144209.450000000,144209.450518250
144209.450000000,144209.466666667,144209.467167625
144209.466666667,144209.483333333,144209.483858542
144209.483333333,144209.500000000,144209.500504125
144209.500000000,144209.516666667,144209.517190625
144209.516666667,144209.533333333,144209.533897917
144209.533333333,144209.550000000,144209.550518458
144209.550000000,144209.566666667,144209.567181708
144209.566666667,144209.583333333,144209.583855542
144209.583333333,144209.600000000,144209.600494458
144209.600000000,144209.616666667,144209.617209917
144209.616666667,144209.633333333,144209.633821125
144209.633333333,144209.650000000,144209.650492292
144209.650000000,144209.666666667,144209.667197375
144209.666666667,144209.683333333,144209.683853583
144209.683333333,144209.700000000,144209.700489333
144209.700000000,144209.716666667,144209.717186583
144209.716666667,144209.733333333,144209.733887708
144209.733333333,144209.750000000,144209.750493292
144209.750000000,144209.766666667,144209.767168083
144209.766666667,144209.783333333,144209.783840208
144209.783333333,144209.800000000,144209.800517167
144209.800000000,144209.816666667,144209.817191667
144209.816666667,144209.833333333,144209.833838542
144209.833333333,144209.850000000,144209.850510875
144209.850000000,144209.866666667,144209.867208125
144209.866666667,144209.883333333,144209.883832875
144209.883333333,144209.900000000,144209.900501042
144209.900000000,144209.916666667,144209.917172750
144209.916666667,144209.933333333,144209.933868583
144209.933333333,144209.950000000,144209.950516583
144209.950000000,144209.966666667,144209.967182125
144209.966666667,144209.983333333,144209.983828583
144209.983333333,144210.000000000,144210.000527375
144210.000000000,144210.016666667,144210.017173042
144210.016666667,144210.033333333,144210.033835083
144210.033333333,144210.050000000,144210.050513250
144210.050000000,144210.066666667,144210.067169542
144210.066666667,144210.083333333,144210.083826792
144210.083333333,144210.100000000,144210.100501875
144210.100000000,144210.116666667,144210.117207583
144210.116666667,144210.133333333,144210.133831208
144210.133333333,144210.150000000,144210.150497417
144210.150000000,144210.166666667,144210.167189917
144210.166666667,144210.183333333,144210.183852167
144210.183333333,144210.200000000,144210.200504500
144210.200000000,144210.216666667,144210.217179167
144210.216666667,144210.233333333,144210.233837708
144210.233333333,144210.250000000,144210.250498833
144210.250000000,144210.266666667,144210.267173875
144210.266666667,144210.283333333,144210.283824917
144210.283333333,144210.300000000,144210.300503250
144210.300000000,144210.316666667,144210.317233458
144210.316666667,144210.333333333,144210.333844333
144210.333333333,144210.350000000,144210.350508583
144210.350000000,144210.366666667,144210.367188708
144210.366666667,144210.383333333,144210.383842625
144210.383333333,144210.400000000,144210.400499292
144210.400000000,144210.416666667,144210.417209250
